material_id,pred_e_electronic,pred_e_ionic,pred_e_total,pred_e_total_sum
As2,12.79526304214517,0,15.280599962788495,12.79526304214517
C2F2,2.814518245699579,0.9153075377591674,5.113978764509041,3.7298257834587463
Cd2S2,6.802493478768436,5.210573824296111,9.729068634946733,12.013067303064545
Ga2Te2,8.241108995102742,3.096530008428585,11.112022577026785,11.337639003531327
Ga2Se2,6.707410025708828,4.3372212253239,11.170956813403679,11.04463125103273
AsClS,4.095383833085206,3.98179079102661,9.042780414385879,8.077174624111816
Ag2Br2Cd2S2,7.601538314305369,3.3422105017359534,9.670530273004434,10.943748816041323
MoSSe,6.562039336256503,0.29916210865065324,6.158034080415559,6.861201444907156
SeTeW,6.323070735402484,0.7305090283193596,7.016586353751762,7.053579763721844
